,Arithmancy,Astronomy,Herbology,Defense Against the Dark Arts,Divination,Muggle Studies,Ancient Runes,History of Magic,Transfiguration,Potions,Care of Magical Creatures,Charms,Flying
Ravenclaw,0.015088884835227271,-0.5092386123721485,0.5216307188141549,0.5474257797428502,0.38832835003757094,1.1014781584998743,0.7729770426400527,0.047683763667440746,-0.006696156638776343,0.2946631420273184,0.16469343456944324,0.9666792911845221,0.2755631905515924
Slytherin,-0.10525672049866973,-0.6578849575642932,-0.8718152385492327,0.6211707636059017,-1.4305662132042207,-0.29271982084718284,-0.4276271617510767,0.023815798987174213,0.1363519138892707,0.545937593006308,0.1756522433810324,-0.5999532524873112,-0.3377610250121442
Gryffindor,-0.16448881640188895,0.3857255961662759,-0.7173741388091115,-0.43973248848853613,0.296357032126159,-0.1174100138132204,0.7216848042045672,-0.9510147075422555,-0.02343302811207728,-0.26386835687999355,0.4073163511486414,-0.43195495412087404,1.3439001246610738
Hufflepuff,0.3230087109126155,0.6594009912456916,0.6488493239896511,-0.6978249858512836,0.223755530545752,-0.6892671738607258,-0.25545087685143447,0.3888682040900018,0.2631288968615333,0.035759446496844136,0.16586651056409935,-0.11953170116539957,-0.20813197739002443
