,Arithmancy,Astronomy,Herbology,Defense Against the Dark Arts,Divination,Muggle Studies,Ancient Runes,History of Magic,Transfiguration,Potions,Care of Magical Creatures,Charms,Flying
Ravenclaw,0.43242650735164,-0.9549630295149077,0.6583129811212205,0.9874822657467192,0.5977881619295029,2.0825114802331544,1.081164360979084,-0.08913407452197185,-0.03543121026232136,0.2059380667662148,0.030043321149402297,1.6301369988119347,0.2281353573500403
Slytherin,-0.430251930515543,-1.2413311330460637,-0.8233304786662456,1.3315611774473284,-3.129550990841507,-0.7457883761898918,-0.2299478330238697,-0.1741556004669666,0.06616151628100218,0.8401816404397319,-0.03243821597025652,-2.487700618940986,-2.2231429157436065
Gryffindor,-0.16836907653743968,-0.23511948923271533,-3.387532621985017,0.2777657912904245,1.9238100050762026,0.09683924666985122,1.3688709151889507,-0.4284305941289809,-0.10731291205369056,-0.7564576242518347,-0.14573014642346102,-1.7965391918384261,3.9190412483631105
Hufflepuff,-0.20358483832887345,1.8399833314832197,2.265252724531118,-1.9224957006324028,0.14928464471538164,-1.5157797276957787,-0.3377424990232173,1.2958172443792713,-0.09899371151993519,-0.5621455690653597,0.03732606254522296,-0.3226315276209938,-2.0696600303024737
