,Arithmancy,Astronomy,Herbology,Defense Against the Dark Arts,Divination,Muggle Studies,Ancient Runes,History of Magic,Transfiguration,Potions,Care of Magical Creatures,Charms,Flying
Ravenclaw,-0.04317981879606828,-0.02883293660796666,0.03092592305836054,0.028768826112657547,0.13513034069988553,0.07225882607789912,0.051711761442611484,0.04349813737489748,0.008825492500746372,-0.009824718595086377,-0.025642176017288604,0.13312622377060218,-0.004137561904056909
Slytherin,0.04317981879606828,0.02883293660796666,-0.03092592305836054,-0.028768826112657547,-0.13513034069988553,-0.07225882607789912,-0.051711761442611484,-0.04349813737489748,-0.008825492500746372,0.009824718595086377,0.025642176017288604,-0.13312622377060218,0.004137561904056909
Gryffindor,-0.12248635775581754,0.08362364417036228,0.05327364549662273,-0.08325204795571936,0.07844162670195513,-0.07718116607083475,-0.05415984420456501,-0.002886741707008783,-0.012620845415221698,-0.0019660553460303133,0.027766544878889875,-0.02090394318264078,0.01831126407310782
Hufflepuff,-0.12248635775581754,0.08362364417036228,0.05327364549662273,-0.08325204795571936,0.07844162670195513,-0.07718116607083475,-0.05415984420456501,-0.002886741707008783,-0.012620845415221698,-0.0019660553460303133,0.027766544878889875,-0.02090394318264078,0.01831126407310782
