,Arithmancy,Astronomy,Herbology,Defense Against the Dark Arts,Divination,Muggle Studies,Ancient Runes,History of Magic,Transfiguration,Potions,Care of Magical Creatures,Charms,Flying
Ravenclaw,0.9472662988557653,-0.42025562674347283,-0.26580085721794394,0.530931147103952,-0.2404575584653695,2.1017907429665956,0.2562796522055319,-0.2033197514330024,-0.04112205964843354,0.35396694293827496,0.06193532315904863,3.9170442999142363,1.0076290491430975
Slytherin,-0.5787927601302424,-2.068084617712083,0.7466590942137469,2.085866678701858,-2.315838776092916,0.19049010644947995,-0.13709788926760555,-0.5315657556668052,0.09774587311163699,1.4981779138869784,-0.006762866768702268,-6.036343733570742,-2.7574698046452415
Gryffindor,0.11430756237901502,-0.8275744696073181,-3.208808820725649,1.166641480729005,3.0363394933089936,0.7846912971969149,0.3831675201292459,0.9158814803427653,-0.0887363371317397,-0.6168375286860285,-0.11797767281013437,-3.589019227426409,5.874094420607208
Hufflepuff,-0.342670742395121,2.1383074806811186,2.504041059498907,-2.3041405484534216,-0.002221033041021102,-1.7095241420696174,-0.2117102400583118,-0.00885557457279515,-0.08645770904628221,-0.5442875005229654,0.03180603728464044,0.17658138167755016,-3.5693664053944945
