,Arithmancy,Astronomy,Herbology,Defense Against the Dark Arts,Divination,Muggle Studies,Ancient Runes,History of Magic,Transfiguration,Potions,Care of Magical Creatures,Charms,Flying
Ravenclaw,0.013735799158298777,-0.2007949145090582,0.0980933896212446,0.20080740992139787,0.03253032981365856,0.21068965593117867,0.3339175819068479,0.04491683963114766,-0.032588083212721164,0.05912974657777772,0.05928214775078021,0.2266525039727531,0.024515830043874604
Slytherin,0.052405084430878754,-0.3938258701046787,-0.41622548411759563,0.39450838138722344,-0.710059473099768,-0.1018058172031023,0.04412910671513678,0.017044630989327902,-0.1261289548411489,0.2487668012347376,-0.028266821695711923,-0.22995220591557614,-0.1136564381926295
Gryffindor,0.0979201873878782,0.22942148950757424,-0.8293857952685652,-0.27788391475563806,-0.23848707994404567,-0.20581085131766913,0.4250892948453616,-0.6831074566856339,0.06451341865201309,-0.015359071604779064,0.1411652798612302,-0.6580543475178067,0.8899043568776319
Hufflepuff,0.2641249509518189,0.12726263255467934,0.1857475108520861,-0.12687897931730477,0.1269657908524236,-0.1602226569231336,0.05216246698689132,0.03807637530013196,0.034136685826081106,-0.006614761312728865,0.021793315903231705,0.05078325224794015,0.02111443314102694
